{"name":"745e233a-de95-4ddd-90ed-63a842d2281a","id":"/providers/Microsoft.Flow/flows/745e233a-de95-4ddd-90ed-63a842d2281a","type":"Microsoft.Flow/flows","properties":{"apiId":"/providers/Microsoft.PowerApps/apis/shared_logicflows","displayName":"Aprobación documental","definition":{"metadata":{"workflowEntityId":null,"creator":{"id":"9e04b705-f622-4d4e-aec4-b2e4e652fb12","type":"User","tenantId":"2b7d0d8b-25c4-4941-b57a-5ad9aa9159ac"},"provisioningMethod":"FromDefinition","failureAlertSubscription":true,"clientLastModifiedTime":"2020-05-23T15:11:03.5687422Z"},"$schema":"https://schema.management.azure.com/providers/Microsoft.Logic/schemas/2016-06-01/workflowdefinition.json#","contentVersion":"1.0.0.0","parameters":{"$connections":{"defaultValue":{},"type":"Object"},"$authentication":{"defaultValue":{},"type":"SecureObject"}},"triggers":{"Cuando_se_crea_o_se_modifica_un_archivo_(solo_propiedades)":{"recurrence":{"frequency":"Minute","interval":5},"splitOn":"@triggerBody()?['value']","metadata":{"flowSystemMetadata":{"swaggerOperationId":"GetOnUpdatedFileItems"}},"type":"ApiConnection","inputs":{"host":{"connection":{"name":"@parameters('$connections')['shared_sharepointonline']['connectionId']"},"api":{"runtimeUrl":"https://unitedstates-002.azure-apim.net/apim/sharepointonline"}},"method":"get","path":"/datasets/@{encodeURIComponent(encodeURIComponent('https://m365x979905.sharepoint.com/sites/SalesAndMarketing'))}/tables/@{encodeURIComponent(encodeURIComponent('476c6009-0c66-4c26-8817-f4548a33f123'))}/onupdatedfileitems","queries":{"folderPath":"/Documentacin"},"authentication":"@parameters('$authentication')"}}},"actions":{"Condición_2":{"actions":{"Obtener_propiedades_del_archivo":{"runAfter":{},"metadata":{"flowSystemMetadata":{"swaggerOperationId":"GetFileItem"}},"type":"ApiConnection","inputs":{"host":{"connection":{"name":"@parameters('$connections')['shared_sharepointonline']['connectionId']"},"api":{"runtimeUrl":"https://unitedstates-002.azure-apim.net/apim/sharepointonline"}},"method":"get","path":"/datasets/@{encodeURIComponent(encodeURIComponent('https://m365x979905.sharepoint.com/sites/SalesAndMarketing'))}/tables/@{encodeURIComponent(encodeURIComponent('Documentación'))}/items/@{encodeURIComponent(triggerBody()?['ID'])}/getfileitem","authentication":"@parameters('$authentication')"}},"Actualizar_propiedades_del_archivo":{"runAfter":{"Obtener_propiedades_del_archivo":["Succeeded"]},"metadata":{"flowSystemMetadata":{"swaggerOperationId":"PatchFileItem"}},"type":"ApiConnection","inputs":{"host":{"connection":{"name":"@parameters('$connections')['shared_sharepointonline']['connectionId']"},"api":{"runtimeUrl":"https://unitedstates-002.azure-apim.net/apim/sharepointonline"}},"method":"patch","body":{"Estado":{"Value":"EN APROBACIÓN"}},"path":"/datasets/@{encodeURIComponent(encodeURIComponent('https://m365x979905.sharepoint.com/sites/SalesAndMarketing'))}/tables/@{encodeURIComponent(encodeURIComponent('476c6009-0c66-4c26-8817-f4548a33f123'))}/items/@{encodeURIComponent(body('Obtener_propiedades_del_archivo')?['ID'])}/patchfileitem","authentication":"@parameters('$authentication')"}},"Mostrar_un_mensaje_como_el_bot_Flow_a_un_usuario_2":{"runAfter":{"Actualizar_propiedades_del_archivo":["Succeeded"]},"metadata":{"flowSystemMetadata":{"swaggerOperationId":"PostUserNotification"}},"type":"ApiConnection","inputs":{"host":{"connection":{"name":"@parameters('$connections')['shared_teams']['connectionId']"},"api":{"runtimeUrl":"https://unitedstates-002.azure-apim.net/apim/teams"}},"method":"post","body":{"messageTitle":"Tienes un documento en fase de Aprobación","recipient":{"to":"MeganB@M365x979905.OnMicrosoft.com;"},"messageBody":"Tienes el documento: @{body('Actualizar_propiedades_del_archivo')?['{FilenameWithExtension}']}en fase de Aprobación en: @{body('Actualizar_propiedades_del_archivo')?['{Path}']}"},"path":"/flowbot/actions/notification/recipienttypes/user","authentication":"@parameters('$authentication')"}},"Iniciar_y_esperar_una_aprobación_2":{"runAfter":{"Mostrar_un_mensaje_como_el_bot_Flow_a_un_usuario_2":["Succeeded"]},"metadata":{"flowSystemMetadata":{"swaggerOperationId":"StartAndWaitForAnApproval"}},"type":"ApiConnectionWebhook","inputs":{"host":{"connection":{"name":"@parameters('$connections')['shared_approvals']['connectionId']"},"api":{"runtimeUrl":"https://unitedstates-002.azure-apim.net/apim/approvals"}},"body":{"notificationUrl":"@{listCallbackUrl()}","title":"Aprobación del documento: @{body('Actualizar_propiedades_del_archivo')?['{Name}']}","assignedTo":"meganb@M365x979905.onmicrosoft.com","itemLink":"@body('Actualizar_propiedades_del_archivo')?['{Link}']","enableNotifications":true,"enableReassignment":true},"path":"/types/@{encodeURIComponent('Basic')}/subscriptions","authentication":"@parameters('$authentication')"}},"Condición":{"actions":{"Publicar_un_mensaje_(V3)_2":{"runAfter":{"Actualizar_propiedades_del_archivo_3":["Succeeded"]},"metadata":{"flowSystemMetadata":{"swaggerOperationId":"PostMessageToChannelV3"}},"type":"ApiConnection","inputs":{"host":{"connection":{"name":"@parameters('$connections')['shared_teams']['connectionId']"},"api":{"runtimeUrl":"https://unitedstates-002.azure-apim.net/apim/teams"}},"method":"post","body":{"body":{"content":"<p>Eldocumento@{body('Actualizar_propiedades_del_archivo_3')?['{Name}']} ha sido <span style=\"color: rgb(97,189,109)\"><strong>APROBADO</strong></span></p>","contentType":"html"}},"path":"/v3/beta/teams/@{encodeURIComponent('e5da5566-2309-495a-be33-58fdab9a19a9')}/channels/@{encodeURIComponent('19:26f6c76b572b4405b9165c0b874687ac@thread.tacv2')}/messages","authentication":"@parameters('$authentication')"}},"Actualizar_propiedades_del_archivo_3":{"runAfter":{},"metadata":{"flowSystemMetadata":{"swaggerOperationId":"PatchFileItem"}},"type":"ApiConnection","inputs":{"host":{"connection":{"name":"@parameters('$connections')['shared_sharepointonline']['connectionId']"},"api":{"runtimeUrl":"https://unitedstates-002.azure-apim.net/apim/sharepointonline"}},"method":"patch","body":{"N_x00fa_meroderevisi_x00f3_n":"@variables('Revisión')","Estado":{"Value":"APROBADO"}},"path":"/datasets/@{encodeURIComponent(encodeURIComponent('https://m365x979905.sharepoint.com/sites/SalesAndMarketing'))}/tables/@{encodeURIComponent(encodeURIComponent('476c6009-0c66-4c26-8817-f4548a33f123'))}/items/@{encodeURIComponent(body('Actualizar_propiedades_del_archivo')?['ID'])}/patchfileitem","authentication":"@parameters('$authentication')"}}},"runAfter":{"Iniciar_y_esperar_una_aprobación_2":["Succeeded"]},"else":{"actions":{"Actualizar_propiedades_del_archivo_2":{"runAfter":{},"metadata":{"flowSystemMetadata":{"swaggerOperationId":"PatchFileItem"}},"type":"ApiConnection","inputs":{"host":{"connection":{"name":"@parameters('$connections')['shared_sharepointonline']['connectionId']"},"api":{"runtimeUrl":"https://unitedstates-002.azure-apim.net/apim/sharepointonline"}},"method":"patch","body":{"Estado":{"Value":"RECHAZADO"}},"path":"/datasets/@{encodeURIComponent(encodeURIComponent('https://m365x979905.sharepoint.com/sites/SalesAndMarketing'))}/tables/@{encodeURIComponent(encodeURIComponent('476c6009-0c66-4c26-8817-f4548a33f123'))}/items/@{encodeURIComponent(body('Actualizar_propiedades_del_archivo')?['ID'])}/patchfileitem","authentication":"@parameters('$authentication')"}},"Publicar_un_mensaje_(V3)":{"runAfter":{"Actualizar_propiedades_del_archivo_2":["Succeeded"]},"metadata":{"flowSystemMetadata":{"swaggerOperationId":"PostMessageToChannelV3"}},"type":"ApiConnection","inputs":{"host":{"connection":{"name":"@parameters('$connections')['shared_teams']['connectionId']"},"api":{"runtimeUrl":"https://unitedstates-002.azure-apim.net/apim/teams"}},"method":"post","body":{"body":{"content":"<p>El documento: @{body('Actualizar_propiedades_del_archivo_2')?['{Name}']} ha sido <span style=\"color: rgb(226,80,65)\"><strong>RECHAZADO.&nbsp;</strong></span></p>","contentType":"html"}},"path":"/v3/beta/teams/@{encodeURIComponent('e5da5566-2309-495a-be33-58fdab9a19a9')}/channels/@{encodeURIComponent('19:26f6c76b572b4405b9165c0b874687ac@thread.tacv2')}/messages","authentication":"@parameters('$authentication')"}}}},"expression":{"not":{"contains":["@body('Iniciar_y_esperar_una_aprobación_2')?['outcome']","Reject"]}},"type":"If"}},"runAfter":{"Incrementar_variable_2":["Succeeded"]},"else":{"actions":{"Obtener_propiedades_del_archivo_2":{"runAfter":{},"metadata":{"flowSystemMetadata":{"swaggerOperationId":"GetFileItem"}},"type":"ApiConnection","inputs":{"host":{"connection":{"name":"@parameters('$connections')['shared_sharepointonline']['connectionId']"},"api":{"runtimeUrl":"https://unitedstates-002.azure-apim.net/apim/sharepointonline"}},"method":"get","path":"/datasets/@{encodeURIComponent(encodeURIComponent('https://m365x979905.sharepoint.com/sites/SalesAndMarketing'))}/tables/@{encodeURIComponent(encodeURIComponent('Documentación'))}/items/@{encodeURIComponent(triggerBody()?['ID'])}/getfileitem","authentication":"@parameters('$authentication')"}},"Actualizar_propiedades_del_archivo_4":{"runAfter":{"Finalizar":["Succeeded"]},"metadata":{"flowSystemMetadata":{"swaggerOperationId":"PatchFileItem"}},"type":"ApiConnection","inputs":{"host":{"connection":{"name":"@parameters('$connections')['shared_sharepointonline']['connectionId']"},"api":{"runtimeUrl":"https://unitedstates-002.azure-apim.net/apim/sharepointonline"}},"method":"patch","body":{"Estado":{"Value":"EN APROBACIÓN"}},"path":"/datasets/@{encodeURIComponent(encodeURIComponent('https://m365x979905.sharepoint.com/sites/SalesAndMarketing'))}/tables/@{encodeURIComponent(encodeURIComponent('476c6009-0c66-4c26-8817-f4548a33f123'))}/items/@{encodeURIComponent(body('Obtener_propiedades_del_archivo_2')?['ID'])}/patchfileitem","authentication":"@parameters('$authentication')"}},"Finalizar":{"runAfter":{"Obtener_propiedades_del_archivo_2":["Succeeded"]},"type":"Terminate","inputs":{"runStatus":"Succeeded"}}}},"expression":{"equals":["@body('Obtener_propiedades_del_archivo_3')?['Estado']?['Value']","EN APROBACIÓN"]},"type":"If"},"Inicializar_variable_2":{"runAfter":{"Obtener_propiedades_del_archivo_3":["Succeeded"]},"type":"InitializeVariable","inputs":{"variables":[{"name":"Revisión","type":"float","value":"@body('Obtener_propiedades_del_archivo_3')?['N_x00fa_meroderevisi_x00f3_n']"}]}},"Incrementar_variable_2":{"runAfter":{"Inicializar_variable_2":["Succeeded"]},"type":"IncrementVariable","inputs":{"name":"Revisión","value":1}},"Obtener_propiedades_del_archivo_3":{"runAfter":{},"metadata":{"flowSystemMetadata":{"swaggerOperationId":"GetFileItem"}},"type":"ApiConnection","inputs":{"host":{"connection":{"name":"@parameters('$connections')['shared_sharepointonline']['connectionId']"},"api":{"runtimeUrl":"https://unitedstates-002.azure-apim.net/apim/sharepointonline"}},"method":"get","path":"/datasets/@{encodeURIComponent(encodeURIComponent('https://m365x979905.sharepoint.com/sites/SalesAndMarketing'))}/tables/@{encodeURIComponent(encodeURIComponent('Documentación'))}/items/@{encodeURIComponent(triggerBody()?['ID'])}/getfileitem","authentication":"@parameters('$authentication')"}}}},"connectionReferences":{"shared_sharepointonline":{"connectionName":"shared-sharepointonl-1ed21ee7-bcf9-47e2-8602-9ba350515785","source":"Embedded","id":"/providers/Microsoft.PowerApps/apis/shared_sharepointonline","tier":"NotSpecified"},"shared_teams":{"connectionName":"shared-teams-de128f39-6374-45bf-9269-b6e9d2436083","source":"Embedded","id":"/providers/Microsoft.PowerApps/apis/shared_teams","tier":"NotSpecified"},"shared_approvals":{"connectionName":"shared-approvals-70ae6886-cf50-4268-9934-ca72fcda772a","source":"Embedded","id":"/providers/Microsoft.PowerApps/apis/shared_approvals","tier":"NotSpecified"}},"flowFailureAlertSubscribed":false}}